feature,group,description,dropped_by_pruning,mean_abs_shap,perm_importance_auc,perm_importance_std
af_am_score_weighted_by_rarity,am_af_interaction,AlphaMissense score weighted by variant rarity.,FALSE,0.027204599,5.55E-18,2.42E-17
af_frac_common_indel,allele_frequency,Common-variant fraction among indel variants.,FALSE,3.18E-05,5.55E-18,2.42E-17
af_frac_common_lof,allele_frequency,Common-variant fraction among lof variants.,FALSE,2.13E-05,0,0
af_frac_common_mis,allele_frequency,Common-variant fraction among missense variants.,FALSE,0.000513954,1.11E-17,3.33E-17
af_frac_common_syn,allele_frequency,Common-variant fraction among synonymous variants.,FALSE,0.000522056,1.67E-17,3.96E-17
af_frac_rare_delta_mis_syn,allele_frequency,Missense-minus-synonymous shift in rare-variant fraction.,FALSE,0.002011769,5.55E-18,2.42E-17
af_frac_singleton_indel,allele_frequency,Singleton fraction among indel variants.,FALSE,0.000315188,1.67E-17,3.96E-17
af_frac_singleton_lof,allele_frequency,Singleton fraction among lof variants.,FALSE,0.000334853,2.78E-17,4.81E-17
af_frac_singleton_mis,allele_frequency,Singleton fraction among missense variants.,FALSE,0.001963304,5.55E-18,2.42E-17
af_frac_singleton_syn,allele_frequency,Singleton fraction among synonymous variants.,FALSE,0.002509254,1.11E-17,3.33E-17
af_log2ratio_lof_syn_count,allele_frequency,Log2 LoF:synonymous count ratio.,FALSE,0.00747389,1.67E-17,3.96E-17
af_log2ratio_mis_syn_count,allele_frequency,Log2 missense:synonymous count ratio.,FALSE,0.001320757,5.55E-18,2.42E-17
af_median_log10_delta_mis_syn,allele_frequency,Missense-minus-synonymous shift in median log10 AF.,FALSE,0.002788153,5.55E-18,2.42E-17
af_median_log10_indel,allele_frequency,Median log10 AF of indel variants.,FALSE,0.001492256,2.22E-17,4.44E-17
af_median_log10_lof,allele_frequency,Median log10 AF of LoF variants.,FALSE,0.004110777,1.67E-17,3.96E-17
af_median_log10_mis,allele_frequency,Median log10 AF of missense variants.,FALSE,0.002476001,1.11E-17,3.33E-17
af_median_log10_syn,allele_frequency,Median log10 AF of synonymous variants.,FALSE,0.002539044,1.11E-17,3.33E-17
af_n_indel,allele_frequency,Count of indel variants with allele frequency.,FALSE,0.00204326,1.67E-17,3.96E-17
af_n_likely_path_rare,am_af_interaction,Count of rare likely-pathogenic variants.,FALSE,0,0,0
af_n_lof,allele_frequency,Count of LoF variants with allele frequency.,FALSE,0.002401947,1.11E-17,3.33E-17
af_n_mis,allele_frequency,Count of missense variants with allele frequency.,TRUE,,,
af_n_syn,allele_frequency,Count of synonymous variants with allele frequency.,FALSE,0.001666833,1.67E-17,3.96E-17
af_rg_frac_singleton,allele_frequency,Singleton fraction among RG-motif variants.,FALSE,0.001518335,1.67E-17,3.96E-17
af_rg_median_log10,allele_frequency,Median log10 AF of RG-motif variants.,FALSE,0.002310885,2.78E-17,4.81E-17
af_rg_n_variants,allele_frequency,Variants falling within RG motifs (with AF).,FALSE,0.001988457,1.67E-17,3.96E-17
af_rg_vs_nonrg_log10_delta_mis,allele_frequency,RG-vs-non-RG shift in median log10 missense AF.,FALSE,0.004928476,1.11E-17,3.33E-17
am_fraction_pathogenic,alphamissense,Fraction of missense classed pathogenic by AlphaMissense.,TRUE,,,
am_max,alphamissense,Maximum AlphaMissense pathogenicity.,FALSE,0.021063013,5.55E-18,2.42E-17
am_mean,alphamissense,Mean AlphaMissense pathogenicity.,TRUE,,,
am_median,alphamissense,Median AlphaMissense pathogenicity (missense).,TRUE,,,
am_std,alphamissense,SD of AlphaMissense pathogenicity.,FALSE,0.019111957,1.11E-17,3.33E-17
codon_A_GCA,codon_usage,Usage fraction of codon GCA for A within the region.,FALSE,0.002005834,1.11E-17,3.33E-17
codon_A_GCC,codon_usage,Usage fraction of codon GCC for A within the region.,FALSE,0.002297992,0,0
codon_A_GCG,codon_usage,Usage fraction of codon GCG for A within the region.,FALSE,0.005300383,1.11E-17,3.33E-17
codon_A_GCT,codon_usage,Usage fraction of codon GCT for A within the region.,FALSE,0.000883104,2.22E-17,4.44E-17
codon_D_GAC,codon_usage,Usage fraction of codon GAC for D within the region.,FALSE,0.000604578,5.55E-18,2.42E-17
codon_D_GAT,codon_usage,Usage fraction of codon GAT for D within the region.,TRUE,,,
codon_E_GAA,codon_usage,Usage fraction of codon GAA for E within the region.,TRUE,,,
codon_E_GAG,codon_usage,Usage fraction of codon GAG for E within the region.,FALSE,0.001447817,1.11E-17,3.33E-17
codon_G_GGA,codon_usage,Usage fraction of codon GGA for G within the region.,FALSE,0.004853827,5.55E-18,2.42E-17
codon_G_GGC,codon_usage,Usage fraction of codon GGC for G within the region.,FALSE,0.002618312,2.22E-17,4.44E-17
codon_G_GGG,codon_usage,Usage fraction of codon GGG for G within the region.,FALSE,0.009268892,5.55E-18,2.42E-17
codon_G_GGT,codon_usage,Usage fraction of codon GGT for G within the region.,FALSE,0.011873784,1.11E-17,3.33E-17
codon_L_CTA,codon_usage,Usage fraction of codon CTA for L within the region.,FALSE,0.000234554,2.78E-17,4.81E-17
codon_L_CTC,codon_usage,Usage fraction of codon CTC for L within the region.,FALSE,0.001709209,5.55E-18,2.42E-17
codon_L_CTG,codon_usage,Usage fraction of codon CTG for L within the region.,FALSE,0.001676973,1.11E-17,3.33E-17
codon_L_CTT,codon_usage,Usage fraction of codon CTT for L within the region.,FALSE,0.00059122,2.78E-17,4.81E-17
codon_L_TTA,codon_usage,Usage fraction of codon TTA for L within the region.,FALSE,0.000137461,2.78E-17,4.81E-17
codon_L_TTG,codon_usage,Usage fraction of codon TTG for L within the region.,FALSE,0.000280597,1.11E-17,3.33E-17
codon_P_CCA,codon_usage,Usage fraction of codon CCA for P within the region.,FALSE,0.001232413,5.55E-18,2.42E-17
codon_P_CCC,codon_usage,Usage fraction of codon CCC for P within the region.,FALSE,0.001618814,5.55E-18,2.42E-17
codon_P_CCG,codon_usage,Usage fraction of codon CCG for P within the region.,FALSE,0.001512344,1.11E-17,3.33E-17
codon_P_CCT,codon_usage,Usage fraction of codon CCT for P within the region.,FALSE,0.000528641,5.55E-18,2.42E-17
codon_R_AGA,codon_usage,Usage fraction of codon AGA for R within the region.,FALSE,0.003534202,1.11E-17,3.33E-17
codon_R_AGG,codon_usage,Usage fraction of codon AGG for R within the region.,FALSE,0.002314254,2.22E-17,4.44E-17
codon_R_CGA,codon_usage,Usage fraction of codon CGA for R within the region.,FALSE,0.003266173,5.55E-18,2.42E-17
codon_R_CGC,codon_usage,Usage fraction of codon CGC for R within the region.,FALSE,0.002344016,5.55E-18,2.42E-17
codon_R_CGG,codon_usage,Usage fraction of codon CGG for R within the region.,FALSE,0.001919625,1.67E-17,3.96E-17
codon_R_CGT,codon_usage,Usage fraction of codon CGT for R within the region.,FALSE,0.002753684,0,0
codon_S_AGC,codon_usage,Usage fraction of codon AGC for S within the region.,FALSE,0.00108141,1.11E-17,3.33E-17
codon_S_AGT,codon_usage,Usage fraction of codon AGT for S within the region.,FALSE,0.0015374,5.55E-18,2.42E-17
codon_S_TCA,codon_usage,Usage fraction of codon TCA for S within the region.,FALSE,0.000969847,1.11E-17,3.33E-17
codon_S_TCC,codon_usage,Usage fraction of codon TCC for S within the region.,FALSE,0.000466094,1.67E-17,3.96E-17
codon_S_TCG,codon_usage,Usage fraction of codon TCG for S within the region.,FALSE,0.000373299,1.11E-17,3.33E-17
codon_S_TCT,codon_usage,Usage fraction of codon TCT for S within the region.,FALSE,0.006767731,1.11E-17,3.33E-17
cpg_frac,gc_codon_indices,Fraction of dinucleotides that are CpG.,FALSE,0.007344966,1.67E-17,3.96E-17
cpg_oe,gc_codon_indices,Observed/expected CpG ratio.,FALSE,0.002264234,1.67E-17,3.96E-17
delta_aromaticity,physchem_deltas,Mean shift in aromaticity.,FALSE,0.002963675,2.22E-17,4.44E-17
delta_fcr,physchem_deltas,Mean shift in fraction of charged residues.,FALSE,0.001509693,1.67E-17,3.96E-17
delta_fraction_proline,physchem_deltas,Mean shift in proline fraction.,FALSE,0.001944227,5.55E-18,2.42E-17
delta_hydropathy,physchem_deltas,Mean shift in hydropathy.,FALSE,0.001903791,5.55E-18,2.42E-17
delta_kappa,physchem_deltas,Mean shift in charge patterning.,FALSE,0.004748628,3.89E-17,5.30E-17
delta_n_neg,physchem_deltas,Mean shift in negative-residue count.,FALSE,0.005113032,1.11E-17,3.33E-17
delta_n_pos,physchem_deltas,Mean shift in positive-residue count.,FALSE,0.002368433,1.11E-17,3.33E-17
delta_ncpr,physchem_deltas,Mean variant-induced shift in net charge per residue.,FALSE,0.007704896,1.11E-17,3.33E-17
delta_rg_ratio_rel_mean,rg_events,Mean relative change in RG ratio across variants.,FALSE,0.003473673,1.11E-17,3.33E-17
density_inframe_indel,variant_composition,In-frame indels per residue.,FALSE,0.001348745,1.11E-17,3.33E-17
density_LoF,variant_composition,Loss-of-function variants per residue.,FALSE,0.010584722,2.78E-17,4.81E-17
density_missense,variant_composition,Missense variants per residue.,FALSE,0.002917,2.22E-17,4.44E-17
density_other,variant_composition,Other variants per residue.,TRUE,,,
density_synonymous,variant_composition,Synonymous variants per residue.,FALSE,0.002557975,5.55E-18,2.42E-17
esm_fraction_disruptive,esm,Fraction of missense below the ESM1b disruptive threshold (-0.7),FALSE,0.04303288,2.78E-17,4.81E-17
esm_mean,esm,Mean ESM1b LLR (missense).,TRUE,,,
esm_median,esm,Median ESM1b LLR.,FALSE,0.021964228,1.11E-17,3.33E-17
esm_min,esm,Minimum (most disruptive) ESM1b LLR.,FALSE,0.047292474,5.55E-18,2.42E-17
esm_n_annotated,esm,Number of missense variants with an ESM1b score.,FALSE,0.001968967,0,6.08E-17
esm_std,esm,SD of ESM1b LLR.,FALSE,0.047932147,5.55E-18,2.42E-17
fraction_inframe_indel,variant_composition,In-frame indel fraction of all variants.,FALSE,0.001950505,5.55E-18,2.42E-17
fraction_LoF,variant_composition,LoF fraction of all variants.,FALSE,0.005334228,2.22E-17,4.44E-17
fraction_missense,variant_composition,Missense fraction of all variants.,FALSE,0.002980256,5.55E-18,2.42E-17
fraction_other,variant_composition,Fraction of other variants.,TRUE,,,
fraction_synonymous,variant_composition,Synonymous fraction of all variants.,FALSE,0.001691799,1.11E-17,3.33E-17
gc,gc_codon_indices,Region GC content.,FALSE,0.017750509,1.67E-17,3.96E-17
gc3,gc_codon_indices,GC content at codon third positions (wobble).,FALSE,0.023470167,5.55E-18,2.42E-17
n_g_hits_disrupting,rg_events,Count of disrupting variants at glycine positions.,FALSE,0.002894268,0,0
n_inframe_indel,variant_composition,Count of indel variants.,TRUE,,,
n_LoF,variant_composition,Count of LoF variants.,TRUE,,,
n_missense,variant_composition,Count of missense variants.,TRUE,,,
n_other,variant_composition,Count of other-consequence variants.,FALSE,1.88E-05,5.55E-18,2.42E-17
n_r_hits_disrupting,rg_events,Count of disrupting variants at arginine positions.,FALSE,0.000978339,1.11E-17,3.33E-17
n_rg_motifs,sequence_basic,Number of RG/RGG di-residue motifs in the region.,FALSE,0.004933106,5.55E-18,2.42E-17
n_synonymous,variant_composition,Total synonymous variants in the region.,TRUE,,,
n_variants_total,variant_composition,Total variants in the region.,FALSE,0.00265223,1.67E-17,3.96E-17
region_length,sequence_basic,Length of the motif region in residues.,FALSE,0.010965331,2.78E-17,4.81E-17
rg_event_fraction_gain,rg_events,Fraction of RG events creating a duplet.,FALSE,0.001292906,2.78E-17,4.81E-17
rg_event_fraction_loss,rg_events,Fraction of RG events losing a duplet.,TRUE,,,
rg_event_fraction_movement,rg_events,Fraction of RG events shifting a duplet.,FALSE,0.000173746,5.55E-18,2.42E-17
rg_event_fraction_no_change,rg_events,Fraction of RG events leaving the duplet unchanged.,FALSE,0.001769911,1.11E-17,3.33E-17
rg_fraction,sequence_basic,Fraction of the region occupied by RG/RGG motifs.,FALSE,0.002987479,1.11E-17,3.33E-17
rg_fraction_rgs_hit_inframe_indel,rg_events,Fraction of RG sites hit by an in-frame indel.,FALSE,0.000398792,1.67E-17,3.96E-17
rg_fraction_rgs_hit_LoF,rg_events,Fraction of RG sites hit by an LoF variant.,FALSE,0.002834057,5.55E-18,2.42E-17
rg_fraction_rgs_hit_missense,rg_events,Fraction of RG sites hit by a missense variant.,FALSE,0.000339401,5.55E-18,2.42E-17
rg_fraction_rgs_hit_synonymous,rg_events,Fraction of RG sites hit by a synonymous variant.,FALSE,0.001450593,1.67E-17,3.96E-17
rg_mean_burden_on_hit_inframe_indel,rg_events,Mean in-frame indel burden on hit RG sites.,FALSE,1.20E-05,0,0
rg_mean_burden_on_hit_LoF,rg_events,Mean LoF burden on hit RG sites.,FALSE,0.000774534,1.67E-17,3.96E-17
rg_mean_burden_on_hit_missense,rg_events,Mean missense burden on hit RG sites.,FALSE,0.001565368,2.22E-17,4.44E-17
rg_mean_burden_on_hit_synonymous,rg_events,Mean synonymous burden on hit RG sites.,FALSE,0.002645868,2.22E-17,4.44E-17
rg_r_fraction,rg_events,Fraction of RG-motif residues that are arginine.,FALSE,0.001335001,1.67E-17,3.96E-17
variant_density,variant_composition,Total variants per residue.,FALSE,0.0036367,1.11E-17,3.33E-17
wt_aromaticity,wt_physchem,Wild-type aromatic-residue fraction.,FALSE,0.012160621,5.55E-18,2.42E-17
wt_fcr,wt_physchem,Wild-type fraction of charged residues.,FALSE,0.003115907,3.33E-17,5.09E-17
wt_fraction_proline,wt_physchem,Wild-type proline fraction.,FALSE,0.002619528,5.55E-18,2.42E-17
wt_hydropathy,wt_physchem,Wild-type mean hydropathy.,FALSE,0.002533345,5.55E-18,2.42E-17
wt_kappa,wt_physchem,Wild-type charge-patterning (kappa).,FALSE,0.01036085,0,0
wt_n_neg,wt_physchem,Wild-type count of negatively charged residues.,FALSE,0.002742615,5.55E-18,2.42E-17
wt_n_pos,wt_physchem,Wild-type count of positively charged residues.,FALSE,0.002388716,3.33E-17,5.09E-17
wt_ncpr,wt_physchem,Wild-type net charge per residue.,FALSE,0.001882486,1.67E-17,3.96E-17
