from,to,from_group,to_group,x,y,obs_pos,obs_neg,fdr_x,significant
F,Y,Aromatic,Aromatic,1.3262902819065603,0.5719256384276997,8,0,1.0,False
F,C,Aromatic,C/G/P,1.4475484662555231,1.4036707635890262,15,1,1.0,False
F,I,Aromatic,Hydrophobic,0.07863180981941102,1.9518309529620907,4,1,0.8085058488189636,False
F,L,Aromatic,Hydrophobic,0.8426210380831883,1.7295496614827799,57,10,0.5427869964763725,False
F,V,Aromatic,Hydrophobic,1.725127977888999,1.6667976897882575,16,1,1.0,False
F,S,Aromatic,Polar,-0.07524133309147804,1.8117900158370228,11,4,0.42978056747034227,False
W,C,Aromatic,C/G/P,1.4432626615084307,1.199068182827487,9,5,1.0,False
W,G,Aromatic,C/G/P,1.0190489447322375,2.18858007237902,2,3,0.8291804748501637,False
W,S,Aromatic,Polar,2.2673000693942202,2.2784508370300878,5,3,1.0,False
W,R,Aromatic,Pos,0.13180033061238863,-0.17091165228109778,6,3,1.0,False
Y,F,Aromatic,Aromatic,1.5458230454781554,2.0605516128766364,13,1,1.0,False
Y,C,Aromatic,C/G/P,1.2037934557761825,1.3742488472386543,67,5,1.0,False
Y,N,Aromatic,Polar,1.5162597946087877,0.45409572066432485,11,0,1.0,False
Y,S,Aromatic,Polar,1.4729094520315795,0.3697339133960449,12,0,0.9516375873732161,False
Y,H,Aromatic,Pos,0.4249622543232797,1.2230383959325948,25,4,0.8085058488189636,False
C,F,C/G/P,Aromatic,1.6030897056192224,1.3591029475618965,4,4,1.0,False
C,Y,C/G/P,Aromatic,0.19259532073776467,1.219534983788364,4,11,0.6779653614435962,False
C,G,C/G/P,C/G/P,2.0428933042406276,1.5890846864526886,3,2,1.0,False
C,S,C/G/P,Polar,1.457057075083871,2.172199965461621,4,8,0.8291804748501637,False
C,R,C/G/P,Pos,0.3951015837361392,-0.40995160223467075,4,2,1.0,False
G,W,C/G/P,Aromatic,1.4219271300351055,1.3680711335619677,49,49,1.0,False
G,C,C/G/P,C/G/P,1.0339460792276154,1.538153253795933,146,85,0.19338206532989477,False
G,A,C/G/P,Hydrophobic,1.0474951236731327,1.2190452012270996,220,97,0.8085058488189636,False
G,V,C/G/P,Hydrophobic,1.1957166062942164,1.5569547583035213,344,162,0.16488654315536613,False
G,D,C/G/P,Neg,0.46768495260900256,1.0912601531145267,339,181,0.000488500225250618,True
G,E,C/G/P,Neg,0.4513047585213915,1.1339159751848635,235,158,0.000488500225250618,True
G,S,C/G/P,Polar,-0.296423289144356,-0.39236538769525076,440,190,0.8490633860422095,False
G,R,C/G/P,Pos,0.15396542978087172,-0.16812476380995608,473,257,0.08706988731942458,False
P,A,C/G/P,Hydrophobic,1.7353237335103666,1.5519978320751537,83,49,0.8508682669590228,False
P,L,C/G/P,Hydrophobic,0.06331434496069539,-0.3551742119305311,217,159,0.09441907854906763,False
P,Q,C/G/P,Polar,0.6331911458400078,1.4770036021653468,24,35,0.2694845581734636,False
P,S,C/G/P,Polar,0.9916432511780798,1.0315561026528277,194,132,1.0,False
P,T,C/G/P,Polar,0.8546852182258133,1.878350577230761,63,83,0.0009188366443862861,True
P,H,C/G/P,Pos,1.1828461726747914,1.238878636298849,34,28,1.0,False
P,R,C/G/P,Pos,1.251039706620607,1.6447031901061964,64,67,0.5427869964763725,False
A,G,Hydrophobic,C/G/P,1.203115165620708,0.9105431432081394,32,38,0.8291804748501637,False
A,P,Hydrophobic,C/G/P,1.1243801338065362,1.063458762038263,29,33,1.0,False
A,V,Hydrophobic,Hydrophobic,-0.16019837555142463,-0.8124647459932663,97,119,0.03396646321588339,True
A,D,Hydrophobic,Neg,0.9670470927792981,1.5178321816433595,18,28,0.7342973367256596,False
A,E,Hydrophobic,Neg,0.27996133856487637,0.3722701373686337,12,24,1.0,False
A,S,Hydrophobic,Polar,1.0969454568652648,1.0788457611878046,41,50,1.0,False
A,T,Hydrophobic,Polar,-0.3847361881496889,-0.34532145892014443,98,119,1.0,False
I,F,Hydrophobic,Aromatic,2.053679189045268,3.0276469725900936,6,7,0.7642737616839943,False
I,M,Hydrophobic,Hydrophobic,1.7032167003590786,2.5604815438956043,7,7,0.7769776708356303,False
I,V,Hydrophobic,Hydrophobic,0.8151830775776829,0.8994622759012949,15,8,1.0,False
I,N,Hydrophobic,Polar,0.9956970959464926,2.0720566944772805,3,4,0.8404232638257565,False
I,S,Hydrophobic,Polar,1.6331781561065364,3.1107188189263524,3,5,0.5634863434868892,False
I,T,Hydrophobic,Polar,0.5913221757004744,0.77533531897227,12,6,1.0,False
L,F,Hydrophobic,Aromatic,1.2015689009059174,0.9185237095649521,30,17,0.9160091299036083,False
L,P,Hydrophobic,C/G/P,0.868576531223544,0.7379323797943385,27,25,1.0,False
L,I,Hydrophobic,Hydrophobic,0.633574425639995,1.2728085604044488,5,5,0.9089111262748961,False
L,M,Hydrophobic,Hydrophobic,1.6835749133231144,-0.11393807560897552,7,2,0.5391830245092067,False
L,V,Hydrophobic,Hydrophobic,1.676282294437712,1.2181752414433438,22,13,0.8291804748501637,False
L,Q,Hydrophobic,Polar,2.1199386894491674,0.859924485729163,6,3,0.6779653614435962,False
L,S,Hydrophobic,Polar,1.4033484679936863,1.2205323542451045,7,3,1.0,False
L,H,Hydrophobic,Pos,1.6477452716434398,1.0260867711599306,5,2,1.0,False
L,R,Hydrophobic,Pos,1.5538824722934241,2.0593755901569084,10,14,0.8291804748501637,False
M,I,Hydrophobic,Hydrophobic,1.1362785592529427,0.5044441694473522,46,6,0.7775789187093193,False
M,L,Hydrophobic,Hydrophobic,1.356249682789489,0.5717860240850603,17,1,1.0,False
M,V,Hydrophobic,Hydrophobic,1.291480752205674,1.1351979887450918,45,5,1.0,False
M,T,Hydrophobic,Polar,-0.017309853492968444,-0.6279583547586315,25,3,0.8490633860422095,False
M,K,Hydrophobic,Pos,-0.02218524276607483,0.6472741751610032,4,1,1.0,False
M,R,Hydrophobic,Pos,0.4173817710096174,0.7973345717417079,5,1,1.0,False
V,F,Hydrophobic,Aromatic,1.3073717869866217,1.3026381638834827,5,8,1.0,False
V,G,Hydrophobic,C/G/P,1.7688359902348725,0.6901916233640686,13,4,0.7159858815933672,False
V,A,Hydrophobic,Hydrophobic,1.0952039704982908,-0.05925806059561297,30,9,0.2694845581734636,False
V,I,Hydrophobic,Hydrophobic,0.6466520439802876,-1.0102790564611277,21,15,0.027762575021395057,True
V,L,Hydrophobic,Hydrophobic,1.0764762285450078,1.5077441435746677,19,21,0.8085058488189636,False
V,M,Hydrophobic,Hydrophobic,-0.29077456961230863,-0.791608042792795,17,11,0.8490633860422095,False
V,D,Hydrophobic,Neg,1.4269175672047782,1.155600719543667,4,3,1.0,False
D,Y,Neg,Aromatic,1.1692572512478425,1.9496509016591472,28,19,0.5145240016892872,False
D,G,Neg,C/G/P,0.7255242316677566,1.2805796125849795,57,26,0.5427869964763725,False
D,A,Neg,Hydrophobic,0.7243113368926011,1.530547888356965,14,8,0.722494561257457,False
D,V,Neg,Hydrophobic,0.6479177549349822,1.601905344833713,20,11,0.5390438913879217,False
D,E,Neg,Neg,0.6276195082471311,1.0203758181257223,47,27,0.7785584490098553,False
D,N,Neg,Polar,0.13774646902735044,-0.3360822500142014,70,33,0.5427869964763725,False
D,H,Neg,Pos,0.6546249479787125,1.425187462677532,23,16,0.5427869964763725,False
E,G,Neg,C/G/P,1.1677088395997675,1.5273322637297342,38,36,0.7785584490098553,False
E,A,Neg,Hydrophobic,1.5587193583550925,1.4264859153744238,17,11,1.0,False
E,V,Neg,Hydrophobic,1.0354653387299413,1.8971676551958057,9,13,0.6779653614435962,False
E,D,Neg,Neg,1.409799972970404,1.9124032141363079,43,46,0.5427869964763725,False
E,Q,Neg,Polar,1.5456130789300584,1.1946936311765115,36,20,0.8291804748501637,False
E,K,Neg,Pos,0.025902205168594164,0.32086185195952016,70,66,0.771510267169855,False
N,Y,Polar,Aromatic,0.5247983983027795,1.9083527009526369,4,2,0.7775789187093193,False
N,I,Polar,Hydrophobic,1.4089870112766045,2.208606498365656,12,5,0.817526953603247,False
N,D,Polar,Neg,1.0376644901432794,0.8525579112009047,23,5,1.0,False
N,S,Polar,Polar,1.482734118738022,1.5621437721173212,56,14,1.0,False
N,T,Polar,Polar,0.4101322154974377,1.8071428622116903,6,4,0.7339643758304902,False
N,H,Polar,Pos,1.0002468535015807,1.49796009838902,9,3,1.0,False
N,K,Polar,Pos,0.7491013806681196,1.1071063954254348,24,9,0.9090832573865215,False
Q,P,Polar,C/G/P,1.6384193570650523,1.5008665422968477,16,8,1.0,False
Q,L,Polar,Hydrophobic,1.2179667396281486,2.3585723408468127,8,11,0.5427869964763725,False
Q,E,Polar,Neg,1.7485160008712213,2.1458067168213346,19,13,0.8490633860422095,False
Q,H,Polar,Pos,1.4621599443291178,1.6035772965766428,31,22,1.0,False
Q,K,Polar,Pos,0.6840592534523792,1.7889451833051448,11,14,0.4625172968392539,False
Q,R,Polar,Pos,1.10931260150221,0.9790934546206577,43,24,1.0,False
S,F,Polar,Aromatic,1.02004609637253,1.1518271443065657,52,30,1.0,False
S,W,Polar,Aromatic,1.1073599373946592,0.8086554424437394,8,5,1.0,False
S,Y,Polar,Aromatic,1.2384573407386266,1.6066234549520362,20,12,0.9204233752378533,False
S,C,Polar,C/G/P,1.4408325629862266,1.6464962958576117,42,24,0.9410191226413043,False
S,G,Polar,C/G/P,1.3222890786498458,1.568192645103612,61,47,0.8384300112115887,False
S,P,Polar,C/G/P,0.6891123511664364,1.4816872466727724,39,30,0.2694845581734636,False
S,A,Polar,Hydrophobic,1.397046079497673,1.5368192752363101,19,9,1.0,False
S,I,Polar,Hydrophobic,1.6344374215523627,1.1211044172234692,29,12,0.8085058488189636,False
S,L,Polar,Hydrophobic,-0.7868914850509203,-1.2446036761213104,31,16,0.7785584490098553,False
S,N,Polar,Polar,0.48998582628907167,1.0098979242441402,59,51,0.4625172968392539,False
S,T,Polar,Polar,1.1964191899443828,1.7285952333181769,45,34,0.5427869964763725,False
S,R,Polar,Pos,1.036820222256521,1.657634505283465,57,63,0.26331485772696656,False
T,P,Polar,C/G/P,1.5158212944561047,1.9033435927696467,11,13,0.9090832573865215,False
T,A,Polar,Hydrophobic,1.3836560764392176,0.854917331313202,36,23,0.6779653614435962,False
T,I,Polar,Hydrophobic,0.6800647420052744,0.8464026701570827,34,34,1.0,False
T,M,Polar,Hydrophobic,-1.6580805820422935,-1.8693222357428736,11,11,1.0,False
T,N,Polar,Polar,0.7316601856607579,1.3157393066471328,8,14,0.8291804748501637,False
T,S,Polar,Polar,1.4363879912075186,1.5538816642071829,18,19,1.0,False
T,K,Polar,Pos,0.06924739494741652,0.7716621600172927,4,6,0.9089111262748961,False
T,R,Polar,Pos,0.13660945744934544,1.4020669598289346,4,9,0.6071418060286073,False
H,Y,Pos,Aromatic,0.7882700010876845,1.5288423752750007,24,16,0.5427869964763725,False
H,P,Pos,C/G/P,1.4774976647303217,1.9278026666551333,11,6,0.9410191226413043,False
H,L,Pos,Hydrophobic,1.300340577890734,0.09482224433034116,9,1,0.7785584490098553,False
H,D,Pos,Neg,0.29358673563405174,1.2890413397745886,4,3,0.8291804748501637,False
H,N,Pos,Polar,1.147501411065896,1.8923555240033443,10,7,0.7785584490098553,False
H,Q,Pos,Polar,0.9675536611265768,1.7927296092463494,20,16,0.5427869964763725,False
H,R,Pos,Pos,1.0042309286779805,0.5629871185487225,40,10,0.8291804748501637,False
K,I,Pos,Hydrophobic,1.1018740269225444,1.7758489259721126,3,2,0.978696124205307,False
K,M,Pos,Hydrophobic,0.7127170801263929,0.6889273558751516,4,2,1.0,False
K,E,Pos,Neg,1.0931373857427293,0.9380089522262028,30,15,1.0,False
K,N,Pos,Polar,0.6590550718623119,0.9556073190415488,21,14,0.9410191226413043,False
K,Q,Pos,Polar,1.3197432335035373,1.6783540218215274,14,10,0.9931521449665389,False
K,T,Pos,Polar,0.8402301661403665,0.8724136738986287,10,5,1.0,False
K,R,Pos,Pos,1.5740721364269752,0.8399736799833307,48,15,0.5390438913879217,False
R,W,Pos,Aromatic,-1.4988193557305312,-1.588941452528977,220,159,0.9204233752378533,False
R,C,Pos,C/G/P,-1.4329376278614834,-1.7407214098732895,270,123,0.43324149649591737,False
R,G,Pos,C/G/P,0.8094880736430825,0.913176727771659,333,170,0.8508682669590228,False
R,P,Pos,C/G/P,0.5412023291137738,0.8027774377690002,179,111,0.5427869964763725,False
R,I,Pos,Hydrophobic,0.21874015746419154,0.6798622144882959,25,9,0.9089111262748961,False
R,L,Pos,Hydrophobic,0.6998253170526759,0.7760681974156651,212,131,0.978696124205307,False
R,M,Pos,Hydrophobic,0.7213850844301339,1.8719389087314149,11,17,0.33002896474863735,False
R,Q,Pos,Polar,-1.4115807142046297,-1.5452189352739973,428,223,0.7769776708356303,False
R,S,Pos,Polar,0.7736039735736447,0.6750191256762497,159,78,0.9664023654507169,False
R,T,Pos,Polar,0.9143916998202439,1.4187951983372626,68,35,0.5427869964763725,False
R,H,Pos,Pos,-1.7752950671677987,-2.071794371260231,260,108,0.49161411243141356,False
R,K,Pos,Pos,0.542343386555313,1.1594313711221784,121,80,0.08768086967133643,False
