from,to,from_group,to_group,log2_ratio_diff,pval,fdr,significant,obs_pos,obs_neg,exp_pos,exp_neg,ratio_pos,ratio_neg
L,M,Hydrophobic,Hydrophobic,2.3915032257434414,0.03514236345777312,0.35895579993954096,False,7,2,11.446539927794188,17.160122699386502,0.6115385124375257,0.1165492831861571
H,L,Pos,Hydrophobic,2.1875461926444966,0.18028769747537177,0.691914947067643,False,9,1,17.564518165063497,8.890184049079755,0.5123966348192429,0.11248361051687254
M,L,Hydrophobic,Hydrophobic,2.103926635646856,0.1495144612390358,0.6634965017691895,False,17,1,34.33961978338256,8.683435582822085,0.4950549862589494,0.11516179171965524
L,Q,Hydrophobic,Polar,1.6245716317655339,0.16821038073021705,0.6634965017691895,False,6,3,10.459769244363654,16.12638036809816,0.5736264213699702,0.1860305866240584
F,S,Aromatic,Polar,-1.5514810258974916,0.07495046237453126,0.47447084417402036,False,11,4,29.997828776288216,3.7214723926380366,0.3666932057661103,1.0748433893834488
C,R,C/G/P,Pos,1.5327534398152962,0.2342008390422032,0.8111346132681184,False,4,2,4.14443687040824,5.995705521472392,0.9651492169082038,0.33357208636038066
V,A,Hydrophobic,Hydrophobic,1.5196020721639913,0.003559995336697705,0.1085902475308527,False,30,9,18.748642985180133,16.12638036809816,1.6001158069793906,0.5580917598721753
V,G,Hydrophobic,C/G/P,1.4830761961388776,0.08635886339600796,0.47447084417402036,False,13,4,18.748642985180133,16.12638036809816,0.693383516357736,0.24804078216541123
T,R,Polar,Pos,-1.3044689951454782,0.16499417015871864,0.6634965017691895,False,4,9,9.078290287560908,8.269938650306749,0.44061159902331043,1.0882789317507418
I,S,Hydrophobic,Polar,-1.2943665916075153,0.28252116625524926,0.91177285473285,False,3,5,7.302103057385947,4.961963190184049,0.4108405450352489,1.0076656775469832
M,V,Hydrophobic,Hydrophobic,1.1863887958388286,0.07834006441870911,0.47447084417402036,False,45,5,17.16980989169128,4.3417177914110425,2.6208793390179674,1.1516179171965524
N,T,Polar,Polar,-1.1384942661834094,0.2556055456477433,0.8440927321390593,False,6,4,25.261329495821656,7.649693251533742,0.23751719009850328,0.5228967840243804
C,G,C/G/P,C/G/P,1.1177159405364523,0.40488129390901423,0.9358894431567713,False,3,2,4.14443687040824,5.995705521472392,0.7238619126811529,0.33357208636038066
L,H,Hydrophobic,Pos,1.077816274059543,0.46472910294996894,0.9358894431567713,False,5,2,13.222727157969148,11.16441717791411,0.37813682005731863,0.17914056489724145
M,T,Hydrophobic,Polar,1.075357483450085,0.3431451628628934,0.9153936420935437,False,25,3,17.16980989169128,4.3417177914110425,1.456044077232204,0.6909707503179314
H,R,Pos,Pos,1.0176211912021846,0.050477004505595995,0.44798341498716443,False,40,10,17.564518165063497,8.890184049079755,2.277318376974413,1.1248361051687255
F,I,Aromatic,Hydrophobic,-1.010912644534789,0.4427420371991425,0.9358894431567713,False,4,1,29.997828776288216,3.7214723926380366,0.1333429839149492,0.2687108473458622
K,R,Pos,Pos,1.0053136698797949,0.019077528405315042,0.338626129194342,False,48,15,32.958140826579815,20.67484662576687,1.456392830304595,0.7255192878338279
F,V,Aromatic,Hydrophobic,0.9890873554652112,1.0,1.0,False,16,1,29.997828776288216,3.7214723926380366,0.5333719356597968,0.2687108473458622
P,Q,C/G/P,Polar,-0.9802928958333939,0.011750421540745423,0.2383656941122643,False,24,35,42.23378525082683,31.219018404907974,0.5682654267777275,1.1211114823039283
W,G,Aromatic,C/G/P,-0.9773042518919689,0.6581068365124051,0.9734496956745993,False,2,3,6.512686510641521,4.961963190184049,0.3070929326526103,0.6045994065281899
I,N,Hydrophobic,Polar,-0.9724384967201529,0.4514422605589775,0.9358894431567713,False,3,4,7.302103057385947,4.961963190184049,0.4108405450352489,0.8061325420375866
M,I,Hydrophobic,Hydrophobic,0.9550632497323733,0.16465932980281656,0.6634965017691895,False,46,6,51.50942967507385,13.02515337423313,0.8930403673690851,0.46064716687862084
Q,L,Polar,Hydrophobic,-0.9414272155633722,0.16802154054306737,0.6634965017691895,False,8,11,27.432224999368827,19.641104294478527,0.2916278209362918,0.5600499765734812
C,Y,C/G/P,Aromatic,-0.926678178822001,0.30519020990575296,0.9153936420935437,False,4,11,4.14443687040824,5.995705521472392,0.9651492169082038,1.8346464749820937
R,M,Pos,Hydrophobic,-0.9019782729816246,0.1280493681282255,0.6061003424736008,False,11,17,33.74755737332424,27.911042944785276,0.3259495162365425,0.6090779206506209
F,C,Aromatic,C/G/P,0.8959779510737299,1.0,1.0,False,15,1,29.997828776288216,3.7214723926380366,0.5000361896810596,0.2687108473458622
D,H,Neg,Pos,-0.8645428022273289,0.07270830313683475,0.47447084417402036,False,23,16,50.3253048549572,19.22760736196319,0.4570265409477083,0.832136817587186
S,I,Polar,Hydrophobic,0.847827863661596,0.08497713835683887,0.47447084417402036,False,29,12,41.64172284076851,31.012269938650306,0.6964169112524835,0.38694362017804157
L,V,Hydrophobic,Hydrophobic,0.8458450227841192,0.09355763124558147,0.47447084417402036,False,22,13,28.61634981948547,30.3920245398773,0.7687912727786036,0.42774379781586225
Q,K,Polar,Pos,-0.8299189003463818,0.1596896856482403,0.6634965017691895,False,11,14,27.432224999368827,19.641104294478527,0.4009882537874012,0.7127908792753397
D,Y,Neg,Aromatic,-0.8286773496703236,0.07088977773152477,0.47447084417402036,False,28,19,50.3253048549572,19.22760736196319,0.5563801368059057,0.9881624708847835
T,A,Polar,Hydrophobic,0.7943729082353513,0.03771245886025439,0.35895579993954096,False,36,23,20.524830215355095,22.742331288343557,1.7539730961120241,1.0113299163744267
I,F,Hydrophobic,Aromatic,-0.7797934187777571,0.39976052423060304,0.9358894431567713,False,6,7,7.302103057385947,4.961963190184049,0.8216810900704978,1.4107319485657766
I,M,Hydrophobic,Hydrophobic,-0.7243235107220982,0.41070821664717216,0.9358894431567713,False,7,7,8.8809361508748,5.375460122699386,0.7882051938083664,1.3022141063684092
N,Y,Polar,Aromatic,-0.7234567669045658,0.6284408020423594,0.9560434884133003,False,4,2,25.261329495821656,7.649693251533742,0.15834479339900218,0.2614483920121902
R,H,Pos,Pos,0.7210819794290251,7.693080136371449e-06,0.0010924173793647456,True,260,108,65.52157337978741,44.86441717791411,3.9681586779508984,2.4072529365915027
T,K,Polar,Pos,-0.7195064944243222,0.5338758627810415,0.9358894431567713,False,4,6,9.078290287560908,8.269938650306749,0.44061159902331043,0.7255192878338279
E,V,Neg,Hydrophobic,-0.6970154771736072,0.29069260012862946,0.9153936420935437,False,9,13,38.2867025171047,34.11349693251534,0.23506855927274548,0.3810808380541318
E,Q,Neg,Polar,0.6814961460801225,0.1075591190088728,0.526668789629653,False,36,20,38.2867025171047,34.11349693251534,0.9402742370909819,0.586278212390972
P,T,C/G/P,Polar,-0.6705642817973352,0.005915286211442777,0.13999510700414572,False,63,83,99.66383902648387,82.49263803680982,0.6321249574106701,1.0061503908138298
H,Q,Pos,Polar,-0.6604507139104531,0.2156714999850724,0.7656338249470069,False,20,16,35.12903633012699,17.78036809815951,0.5693295942436033,0.8998688841349803
S,W,Polar,Aromatic,0.6196308904952631,0.5820845304152197,0.9465333248765255,False,8,5,4.73649928046656,4.548466257668712,1.6890111295893566,1.0992716482330727
W,R,Aromatic,Pos,0.6076582488291872,0.7405040160563454,1.0,False,6,3,13.025373021283041,9.923926380368098,0.4606393989789154,0.30229970326409494
D,E,Neg,Neg,-0.588403408770173,0.09208158287269944,0.47447084417402036,False,47,27,100.6506097099144,38.45521472392638,0.46696190053352804,0.7021154398391882
R,C,Pos,C/G/P,0.5879027602756305,0.00014016833430827153,0.009951951735887279,True,270,123,65.52157337978741,44.86441717791411,4.120780165564395,2.741593622229211
D,A,Neg,Hydrophobic,-0.5807498362267379,0.3481074413595166,0.9153936420935437,False,14,8,50.3253048549572,19.22760736196319,0.27819006840295285,0.416068408793593
S,R,Polar,Pos,-0.5695805400799946,0.033549678240947296,0.35895579993954096,False,57,63,124.92516852230553,93.03680981595092,0.45627314875162717,0.6771513353115727
H,D,Pos,Neg,-0.5673413095189717,0.6940137854678992,1.0,False,4,3,17.564518165063497,8.890184049079755,0.22773183769744132,0.3374508315506176
Y,H,Aromatic,Pos,-0.5658941481176152,0.5230071335263186,0.9358894431567713,False,25,4,24.866621222449442,2.687730061349693,1.0053637676127123,1.4882446929924675
L,S,Hydrophobic,Polar,0.5525166946367261,0.7502136514625961,1.0,False,7,3,4.933853417152667,3.1012269938650308,1.4187693488550595,0.9673590504451038
V,D,Hydrophobic,Neg,0.5508401168293428,0.7155980824636847,1.0,False,4,3,8.091519604130374,8.890184049079755,0.49434472085542147,0.3374508315506176
V,F,Hydrophobic,Aromatic,-0.5422692875621389,0.5865840323178467,0.9465333248765255,False,5,8,8.091519604130374,8.890184049079755,0.6179309010692768,0.8998688841349803
Y,C,Aromatic,C/G/P,0.5344107576780701,0.5516516431568845,0.9358894431567713,False,67,5,24.866621222449442,2.687730061349693,2.694374897202069,1.8603058662405845
C,F,C/G/P,Aromatic,0.5327534398152962,0.7236664245765055,1.0,False,4,4,4.14443687040824,5.995705521472392,0.9651492169082038,0.6671441727207613
D,V,Neg,Hydrophobic,-0.5256082820342769,0.3206553475484357,0.9153936420935437,False,20,11,50.3253048549572,19.22760736196319,0.3974143834327898,0.5720940620911904
Q,P,Polar,C/G/P,0.518004403073925,0.5355588381987344,0.9358894431567713,False,16,8,27.432224999368827,19.641104294478527,0.5832556418725836,0.4073090738716227
F,L,Aromatic,Hydrophobic,-0.4999507252574095,0.3258885134503874,0.9153936420935437,False,57,10,89.99348632886465,11.16441717791411,0.6333791735960087,0.8957028244862073
Y,F,Aromatic,Aromatic,0.4906893802487521,1.0,1.0,False,13,1,24.866621222449442,2.687730061349693,0.5227891591586104,0.3720611732481169
P,A,C/G/P,Hydrophobic,0.48752481328138986,0.06613554198545654,0.47447084417402036,False,83,49,99.66383902648387,82.49263803680982,0.8327995470648512,0.5939923993961164
T,M,Polar,Hydrophobic,0.48212736674532813,0.5178893859142959,0.9358894431567713,False,11,11,2.36824964023328,3.3079754601226994,4.64478060637073,3.3252967359050447
N,D,Polar,Neg,0.47817709426508503,0.655806364534661,0.9734496956745993,False,23,5,25.261329495821656,7.649693251533742,0.9104825620442626,0.6536209800304755
V,L,Hydrophobic,Hydrophobic,-0.4762895999156643,0.3403479391964325,0.9153936420935437,False,19,21,29.405766366229898,23.362576687116565,0.6461317744066666,0.8988734539534151
T,N,Polar,Polar,-0.46896303277372514,0.5247407432333386,0.9358894431567713,False,8,14,11.446539927794188,14.47239263803681,0.698901157071458,0.9673590504451038
H,N,Pos,Polar,-0.467805635968057,0.608366001683211,0.9560434884133003,False,10,7,17.564518165063497,8.890184049079755,0.5693295942436033,0.7873852736181077
C,S,C/G/P,Polar,-0.4672465601847038,0.7717523878944408,1.0,False,4,8,8.28887374081648,11.991411042944785,0.4825746084541019,0.6671441727207613
E,A,Neg,Hydrophobic,0.4615304621382149,0.45306039171134144,0.9358894431567713,False,17,11,38.2867025171047,34.11349693251534,0.44401838973740815,0.3224530168150346
R,K,Pos,Pos,-0.4605626260109327,0.02881762588469436,0.35895579993954096,False,121,80,109.72889999747531,52.72085889570552,1.1027176979153535,1.5174259614825159
N,I,Polar,Hydrophobic,-0.4604223610707717,0.5666229811719004,0.9465333248765255,False,12,5,25.261329495821656,7.649693251533742,0.47503438019700656,0.6536209800304755
W,C,Aromatic,C/G/P,0.4556551553841372,0.7885508981769402,1.0,False,9,5,13.025373021283041,9.923926380368098,0.6909590984683731,0.5038328387734916
S,P,Polar,C/G/P,-0.44748330536327346,0.2109166044980427,0.7656338249470069,False,39,30,48.74647176146835,27.49754601226994,0.8000579034896953,1.0910064478704178
K,M,Pos,Hydrophobic,0.44667853074103847,1.0,1.0,False,4,2,20.327476078668987,13.852147239263804,0.1967779956803134,0.14438194782762745
G,E,C/G/P,Neg,-0.43253415720814,0.0038236002651708696,0.1085902475308527,False,235,158,173.47428614708778,86.42085889570552,1.3546676295341256,1.8282623202192154
G,C,C/G/P,C/G/P,-0.41500031748096705,0.03791786619079658,0.35895579993954096,False,146,85,223.01017445530056,97.37852760736196,0.6546786502302108,0.8728823703591702
L,F,Hydrophobic,Aromatic,0.40847032502001906,0.37971820946504686,0.9358894431567713,False,30,17,23.090433992274484,17.36687116564417,1.2992393304533512,0.9788752296170695
H,Y,Pos,Aromatic,-0.3974163080766593,0.40506041240005175,0.9358894431567713,False,24,16,17.564518165063497,8.890184049079755,1.366391026184648,1.7997377682699607
V,I,Hydrophobic,Hydrophobic,0.38586682522727483,0.5057454196465649,0.9358894431567713,False,21,15,10.854477517735868,10.130674846625768,1.934685475711445,1.4806516078241385
L,I,Hydrophobic,Hydrophobic,-0.37585362838224357,0.7554763168939453,1.0,False,5,5,17.16980989169128,13.231901840490798,0.29120881544644084,0.3778746290801187
R,Q,Pos,Polar,0.3616404187212261,0.002352822662754053,0.1085902475308527,False,428,223,107.16329622055594,71.74171779141105,3.9939047705206883,3.108372741343777
Q,R,Polar,Pos,0.35930665705486664,0.38611397429619204,0.9358894431567713,False,43,24,27.432224999368827,19.641104294478527,1.5674995375325684,1.221927221614868
W,S,Aromatic,Polar,0.3446238429953936,1.0,1.0,False,5,3,6.512686510641521,4.961963190184049,0.7677323316315258,0.6045994065281899
P,R,C/G/P,Pos,-0.3388939644080992,0.1884517140074874,0.7042142997121897,False,64,67,99.66383902648387,82.49263803680982,0.6421586868933792,0.8121936889702
M,R,Hydrophobic,Pos,0.33839188928387876,1.0,1.0,False,5,1,17.16980989169128,4.3417177914110425,0.29120881544644084,0.23032358343931048
K,E,Pos,Neg,0.327241764767157,0.5417015277540186,0.9358894431567713,False,30,15,32.958140826579815,20.67484662576687,0.9102455189403719,0.7255192878338279
K,T,Pos,Polar,0.327241764767157,0.7947692759085954,1.0,False,10,5,32.958140826579815,20.67484662576687,0.30341517298012394,0.24183976261127596
R,W,Pos,Aromatic,0.32591331620101843,0.03073814225729831,0.35895579993954096,False,220,159,89.00671564543411,80.6319018404908,2.4717236042771074,1.9719242182150194
L,P,Hydrophobic,C/G/P,0.3156247036051635,0.48762518004529065,0.9358894431567713,False,27,25,23.682496402332802,27.29079754601227,1.1400825124728158,0.9160597068608938
A,D,Hydrophobic,Neg,-0.3104729263936962,0.5536247410223154,0.9358894431567713,False,18,28,29.997828776288216,37.62822085889571,0.6000434276172715,0.7441223464962337
N,K,Polar,Pos,-0.30841926762572197,0.5417455656058091,0.9358894431567713,False,24,9,50.52265899164331,15.299386503067485,0.47503438019700656,0.588258882027428
A,P,Hydrophobic,C/G/P,0.3079405448477064,0.44002153341274086,0.9358894431567713,False,29,33,46.37822212123507,65.33251533742332,0.6252934820181874,0.5051083649476017
K,I,Pos,Hydrophobic,-0.3035535124539057,1.0,1.0,False,3,2,12.630664747910828,6.822699386503068,0.23751719009850328,0.293139106195486
D,N,Neg,Polar,-0.3032158606978289,0.3222576636256039,0.9153936420935437,False,70,33,50.3253048549572,19.22760736196319,1.3909503420147644,1.7162821862735713
G,D,C/G/P,Neg,-0.2901383641701439,0.031822037623818994,0.35895579993954096,False,339,181,223.01017445530056,97.37852760736196,1.520110016630421,1.858725988647174
P,S,C/G/P,Polar,0.2827139488783476,0.08469432131102886,0.47447084417402036,False,194,132,99.66383902648387,82.49263803680982,1.9465435196455556,1.600142790209946
L,R,Hydrophobic,Pos,-0.28083343595382254,0.6868287561220999,1.0,False,10,14,23.682496402332802,27.29079754601227,0.42225278239733915,0.5129934358421006
N,S,Polar,Polar,0.27654323309543444,0.5743722692886746,0.9465333248765255,False,56,14,25.261329495821656,7.649693251533742,2.2168271075860306,1.8301387440853316
I,T,Hydrophobic,Polar,0.27567648927790206,0.8109682098468767,1.0,False,12,6,8.8809361508748,5.375460122699386,1.3512089036714854,1.1161835197443506
E,D,Neg,Neg,-0.26379796182974236,0.3975837204103333,0.9358894431567713,False,43,46,76.5734050342094,68.22699386503068,0.5615526693737809,0.6742199442496178
D,G,Neg,C/G/P,-0.25565446226069233,0.46219362769526984,0.9358894431567713,False,57,26,50.3253048549572,19.22760736196319,1.132630992783451,1.3522223285791775
S,A,Polar,Hydrophobic,0.2520075833842697,0.8443346890484276,1.0,False,19,9,48.74647176146835,27.49754601226994,0.3897717991360054,0.32730193436112537
A,G,Hydrophobic,C/G/P,0.24642615563500225,0.47012928936155984,0.9358894431567713,False,32,38,46.37822212123507,65.33251533742332,0.6899790146407585,0.581639935394208
A,E,Hydrophobic,Neg,-0.24186037342266772,0.731487512813634,1.0,False,12,24,16.380393344946853,27.704294478527608,0.7325831405447812,0.8662916869657646
S,C,Polar,C/G/P,0.23830356487736926,0.6159603373737201,0.9560434884133003,False,42,24,73.6130929839178,49.61963190184049,0.5705506764832678,0.4836795252225519
R,G,Pos,C/G/P,0.23198898331438583,0.08854910055915183,0.47447084417402036,False,333,170,282.41376959781866,169.3269938650307,1.1791209772604943,1.0039745944790455
V,M,Hydrophobic,Hydrophobic,0.23117399031973632,0.7080895262724646,1.0,False,17,11,7.894165467444267,5.995705521472392,2.1534891902264297,1.8346464749820937
S,T,Polar,Polar,-0.22306542271924173,0.4920119907979481,0.9358894431567713,False,45,34,90.38819460223687,58.50981595092025,0.49785262553398063,0.5810990762391083
S,N,Polar,Polar,-0.2149729233544741,0.4420933911557591,0.9358894431567713,False,59,51,41.64172284076851,31.012269938650306,1.4168481987550527,1.6445103857566765
A,T,Hydrophobic,Polar,0.2142457498858524,0.3014562198532143,0.9153936420935437,False,98,119,46.37822212123507,65.33251533742332,2.1130607323373227,1.8214513766292302
A,S,Hydrophobic,Polar,0.2080494839219469,0.5239073375786316,0.9358894431567713,False,41,50,46.37822212123507,65.33251533742332,0.8840356125084717,0.7653157044660631
A,V,Hydrophobic,Hydrophobic,0.19944874795777195,0.33379721541339147,0.9153936420935437,False,97,119,46.37822212123507,65.33251533742332,2.091498888129799,1.8214513766292302
G,R,C/G/P,Pos,-0.196649909479736,0.08127205072890949,0.47447084417402036,False,473,257,569.9587467494761,270.220245398773,0.829884623575934,0.9510760365891037
K,Q,Pos,Polar,-0.1873314080626012,0.8346148375025071,1.0,False,14,10,32.958140826579815,20.67484662576687,0.42478124217217356,0.4836795252225519
I,V,Hydrophobic,Hydrophobic,0.1825670848864204,0.833174719405035,1.0,False,15,8,8.8809361508748,5.375460122699386,1.6890111295893566,1.4882446929924675
P,L,C/G/P,Hydrophobic,0.1758635032097974,0.2545591995894865,0.8440927321390593,False,217,159,99.66383902648387,82.49263803680982,2.177319297747864,1.9274447245710715
T,S,Polar,Polar,0.14109044891026132,0.8693573697751004,1.0,False,18,19,31.971370143149283,37.214723926380366,0.5630037098631189,0.5105506099571382
R,I,Pos,Hydrophobic,-0.14080298417484835,0.842227403241375,1.0,False,25,9,75.98134262415107,24.809815950920246,0.32902814212779674,0.36275964391691395
N,H,Polar,Pos,-0.13849426618340946,1.0,1.0,False,9,3,25.261329495821656,7.649693251533742,0.35627578514775493,0.39217258801828536
R,L,Pos,Hydrophobic,0.12799946617133587,0.44129155844862566,0.9358894431567713,False,212,131,172.68486960034335,116.60613496932515,1.2276698039072351,1.1234400319885514
R,P,Pos,C/G/P,0.12290192405973716,0.5104205193954204,0.9358894431567713,False,179,111,172.68486960034335,116.60613496932515,1.0365702589594108,0.9519224698528947
P,H,C/G/P,Pos,0.11651875413781111,0.7999348866242602,1.0,False,34,28,57.43005377565704,51.27361963190184,0.5920245196498776,0.5460897865415909
H,P,Pos,C/G/P,-0.10790969088167446,1.0,1.0,False,11,6,17.564518165063497,8.890184049079755,0.6262625536679636,0.6749016631012352
R,S,Pos,Polar,0.10452713092101486,0.6328738585271143,0.9560434884133003,False,159,78,284.97937337473803,150.30613496932514,0.5579351169072875,0.5189408936363006
R,T,Pos,Polar,-0.09931794409279196,0.7526634000056858,1.0,False,68,35,109.72889999747531,52.72085889570552,0.61970911948962,0.6638738581486007
T,I,Polar,Hydrophobic,0.09811676308710916,0.8090637471827582,1.0,False,34,34,18.156580575121815,19.43435582822086,1.8725992958490694,1.7494791337836983
T,P,Polar,C/G/P,-0.09299823665374306,1.0,1.0,False,11,13,20.524830215355095,22.742331288343557,0.5359362238120073,0.5716212570811977
E,G,Neg,C/G/P,-0.08849824847355439,0.8166030834116789,1.0,False,38,36,38.2867025171047,34.11349693251534,0.9925116947071476,1.0553007823037497
K,N,Pos,Polar,-0.08779573451168664,0.863543098830098,1.0,False,21,14,65.91628165315963,41.34969325153374,0.3185859316291302,0.33857566765578634
E,K,Neg,Pos,-0.08161186288831442,0.796778094133971,1.0,False,70,66,38.2867025171047,34.11349693251534,1.8283110165657983,1.9347181008902077
G,A,C/G/P,Hydrophobic,0.07231449890049445,0.7173629305081446,1.0,False,220,97,396.4844606023883,183.7993865030675,0.5548767274907792,0.5277493132349554
Q,E,Polar,Neg,0.06549219837641808,1.0,1.0,False,19,13,27.432224999368827,19.641104294478527,0.692616074723693,0.6618772450413869
S,G,Polar,C/G/P,-0.04904214485957093,0.9225662753584446,1.0,False,61,47,41.64172284076851,31.012269938650306,1.464876951255224,1.5155291790306629
S,Y,Polar,Aromatic,-0.04394144492225933,1.0,1.0,False,20,12,31.971370143149283,18.607361963190183,0.6255596776256876,0.6449060336300693
S,L,Polar,Hydrophobic,0.03815999641775556,1.0,1.0,False,31,16,16.77510161831907,8.890184049079755,1.8479768829624723,1.7997377682699607
G,W,C/G/P,Aromatic,-0.03490984603591093,0.9198618807684971,1.0,False,49,49,57.82476204902926,56.44233128834356,0.8473878363468785,0.8681427375789393
G,V,C/G/P,Hydrophobic,-0.022717620619564206,0.8860313846275558,1.0,False,344,162,396.4844606023883,183.7993865030675,0.8676254284401275,0.8813957602480699
M,K,Hydrophobic,Pos,0.01646379439651647,1.0,1.0,False,4,1,17.16980989169128,4.3417177914110425,0.23296705235715265,0.23032358343931048
G,S,C/G/P,Polar,0.016070164970429308,0.9309886942398721,1.0,False,440,190,223.01017445530056,97.37852760736196,1.9730041513787173,1.9511488278616744
Q,H,Polar,Pos,0.012769094823502941,1.0,1.0,False,31,22,54.864449998737655,39.282208588957054,0.5650289030640654,0.5600499765734812
S,F,Polar,Aromatic,0.012642083444108112,1.0,1.0,False,52,30,31.971370143149283,18.607361963190183,1.6264551618267877,1.612265084075173
F,Y,Aromatic,Aromatic,,1.0,1.0,False,8,0,29.997828776288216,3.7214723926380366,0.2666859678298984,0.0
Y,N,Aromatic,Polar,,0.6155374646246587,0.9560434884133003,False,11,0,24.866621222449442,2.687730061349693,0.4423600577495934,0.0
Y,S,Aromatic,Polar,,0.6214971318612919,0.9560434884133003,False,12,0,24.866621222449442,2.687730061349693,0.4825746084541019,0.0
